﻿<?xml version="1.0" encoding="utf-8"?>
<manifest xmlns="https://www.kaimle.com" versionCode="0.6">
	<application setting="false">
		<name><![CDATA[凯美乐网页小程序]]></name>
		<identifie><![CDATA[kaimle_browser]]></identifie>
		<version><![CDATA[2.1.0]]></version>
		<type><![CDATA[business]]></type>
		<ability><![CDATA[在小程序中加载网页，一套代码，直接连通PC、公众号、小程序]]></ability>
		<description><![CDATA[小程序中加载网页,可自定义标题背景,转发分享]]></description>
		<author><![CDATA[凯美乐]]></author>
		<url><![CDATA[https://www.kaimle.com]]></url>
	</application>
	<platform>
		<subscribes>
		</subscribes>
		<handles>
		</handles>
		<rule embed="false" />
		<card embed="false" />
		<supports>
			<item type="wxapp" />
		</supports>
	</platform>
	<bindings>
		<menu>
			<entry title="首页管理" do="home" state="" direct="false" />
		</menu>
	</bindings>
	<install><![CDATA[CREATE TABLE `ims_kaimle_browser_home` (
  `id` int(11) NOT NULL AUTO_INCREMENT,
  `uniacid` int(11) DEFAULT NULL,
  `bar_color` varchar(20) DEFAULT NULL,
  `bar_bgcolor` varchar(20) DEFAULT NULL,
  `url` varchar(2000) DEFAULT NULL,
  `share` varchar(20) DEFAULT NULL,
  PRIMARY KEY (`id`)
) ENGINE=MyISAM DEFAULT CHARSET=utf8;]]></install>
	<uninstall><![CDATA[DROP TABLE IF EXISTS `ims_kaimle_browser_home`;]]></uninstall>
	<upgrade><![CDATA[upgrade.php]]></upgrade>
</manifest>